id,username,password,userType
1001,Lee,AaBbCcDd123@@-,2
1002,Admin,aAbBcCdD321--@,1
1003,RU8KHSWq,Kpv}A*:[}iT24]b#,1
1004,PzuP5aRr,"cQr]yI,6dmteV!Hl",2
1005,OLO8bkkD,>OsSr29F*95Ne2aU,2
1006,udDf4Ty6,D}WHjY76&LkK<JmJ,1
1007,0LdTKfT7,NKFxGcR1^vK_rF)U,1
1008,oX4y3QjJ,"|Y_f*,06Njv/@qLE",1
1009,2XXZcxb3,2CJ<-[eq@uc8GtkJ,2
1010,d8cJ3byB,O>HYgq?RK/s2Sena,1
1011,ODsGNjTP,wOg6#iboH2c?/7+H,2
1012,b9quiLA1,p%Y}t:F9G95jo[ke,2
1013,28sM3NDp,H5E;xO()5gMk&Ac$,2
1014,W6Vgbx4n,CdSn&^sek85P}_VX,2
1015,o54AG6Mw,L/s5<|=sbQol#>Is,2
1016,0Ka6Q67p,y<rAPA>T:AnM;1%b,2
1017,Xk1rEu6f,;!fe&3A[$uA<L49z,1
1018,YqfTovqv,7>G(Su5>Inw1{{[U,1
1019,7fBlKneR,F^UB2l<V-zmt)I1r,2
1020,ydAPkmzN,7;70?h@^G]C@zWL&,1
1021,8SWaIUo0,Xa&jx%JG]3v34dQA,2
1022,xZ5KXc8G,w4|]gdhxp.|QslI&,1
1023,2z4Pn6MH,Zyt6K+k!up|M<4U|,2
1024,keAEECE2,D<9gK({GIx}WS[aY,1
1025,A50MCU9e,FWkv8v1r{>#vhQNS,1
1026,JbMQKSzH,Asf24VlfjZ?dQs-$,1
1027,qxQuWLyJ,"tgAL9v/X9+9ZNq),",2
1028,bZnd9W51,}T+Se4Yn1F=fJZEu,2
1029,iHwfs9KI,eGGttjl5NWEKa64>,1
1030,3eLfuzBr,"8E5>7x*},Q>^w{]n",2
1031,IggLjAoT,+ve|NE:c#?!=P0H6,1
1032,XfQhV5kX,x0ruEVR@Kqi=;<T),2
1033,AyUbHafY,e3!@8bQ-vsCfWB{L,2
1034,1UOZG4Sf,"}|5dt?5u,H|:9p)&",2
1035,mXtfajwX,%C||1]H___l^8FFq,1
1036,TEXThyEj,Tq[7f:+5)z>zh%B],1
1037,YWar4mrL,9l|?:JD5yKuld8=>,2
1038,sU7QKl7L,r{vBA0Af-mziLcT0,1
1039,nC6ZiRIt,%kT]Sn-hp(1Gd:2f,1
1040,fpkkm43L,.<1&YbIf*M*Jc6Tb,2
1041,l0zLUEnT,4e=xy7PqWmY/]X3^,1
1042,gLPFeGg8,Vs4-z}6J$|qo:wIA,2
1043,oyZVBo9y,m7!z!*4nq;q^Tn$Z,2
1044,dhAsdBDI,&ysjw_j^nD{&MJn4,1
1045,29GLIqEr,lNU04k7RgmipfsS$,1
1046,eJ86VcRx,:8f*_CL0d+Tf.Y:a,2
1047,fo5yCDEz,B;o=ol&lO7QqXe*K,2
1048,VEGJ9DMC,"xq+8{Zr>USc^QN+,",1
1049,ELMaj3EN,Ch/:bQJg..w46e%P,2
1050,ZRdQip92,QDUb6<X5|-w;Tc4W,2
1051,zID6pW1m,B5_?0hdK(Uae3HXG,1
1052,ZfMfUvW0,YYlu7bcwXmxpBfx*,1
1053,60SobTp3,RS+pK:9VfR*aqf7[,2
1054,JioUXnUQ,80$>JV2.PYe9jYOK,1
1055,HKEbJ5u1,4hWmq?d501Obwy!d,2
1056,PI0HRmI1,9{@IzLnLBtEJNz}+,1
1057,rkfFhU3m,i:6)E_X94]Jh[iKy,1
1058,GYbsys48,{3|dh0@x{;0V[a}s,2
1059,7pje5lwM,/H!mm[2W1Qd3YCvl,1
1060,zpq9SPs2,vz5:T2A}{Dnsmc%F,2
1061,CsUXUoRj,w#yce0Gq{sXD9!sA,1
1062,lbENyI6L,qRcG/*.^EaxI9EGx,2
1063,JkVZKlX5,Jj66Dn6L?R?rMJ(%,1
1064,1fA1ZzCl,"_I:F9e(Gk]f,Nw6c",2
1065,IffGRDga,]XG8#-;zhJR%g%9[,2
1066,GTsnxTqo,A!pz02^??Hzfz/gn,1
1067,fTFmtazj,IDEdrQCd90g|}TcZ,1
1068,MOmqhRso,n2J5D]h4vEq>R3r0,1
1069,hhrDmpeO,^{97M[f!nIs9/+!R,2
1070,kzLroUQy,"X,8,EK@xLIfGWP=i",1
1071,2kOccGtf,VNa6u!D>[]uSu*5|,2
1072,SBk1xNFf,ZYZv9ad8J=G3WMCo,2
1073,nLnPGd70,xKKuW*Km#.xSlTb7,1
1074,1d3BssnG,&@45Rre3a@zdNY2g,1
1075,VM0I1mIg,G$/fTp?30:zz@1(c,1
1076,4omB5Ai5,>e[nZIClY1b26G0*,1
1077,Et5Ib13S,1n(?xvR<i2#fN:2[,1
1078,OMIweJBG,JKsj>aawHe2n]|(X,1
1079,3tAAFNNw,/pL:p&Jh/*6udG?o,2
1080,VK3jktxq,A8f}&VpoEymjDWPS,2
1081,xF0b5uhW,MzE_I+@L!R8>Y2nl,1
1082,ojiweCyZ,LUQ8=U|dhA.b7L*N,1
1083,W33emBBN,>?v2IBHK$NN-@i1Z,2
1084,lsdQNW3u,<&O?Eiyc0;>)OgTx,1
1085,CQBjYyc2,0=b6aF{|N9vU?^..,1
1086,lNRS3GIQ,}-$xQ$EZTJ3{}#]q,2
1087,OyohuwJH,"I,m0RbaPcwEv;hmp",1
1088,RtTxLLjy,RlQX0XZP}OH|eDD*,2
1089,GBJxgqWO,X>/3HDHRjVs0c49=,1
1090,SLfnWj1k,!1[IRRA-TTsrT#YB,2
1091,TeBe080x,i)u;?i7V6_DXf[R[,1
1092,iONVzm7Q,"N,80qc:i/ol0kR/Q",2
1093,Df2ZY4mw,C<^%v.n<SQ9lXoGF,2
1094,3aVI4q7L,"<1p_g6SsN,+$70D6",2
1095,MEpYKpj1,!nO)(kvY>#e=98E.,2
1096,zOlshbdj,"Gb{HVnaQg8,X*Ywd",1
1097,sPElWUxv,TRJvQNd3b7>V%B>q,1
1098,d4iUJrbH,6*uKPLm_EU(H}67&,1
1099,805mPSlm,9cO517SGo9$]*Rf1,2
1100,OTY7vmmP,-(gAGclBFu77#lk5,2
1101,lm7VA6A2,JHf;M1=dM7jeS5#F,1
1102,44eQccow,RT6rleclS(oP#3;6,2
1103,ElCPwte4,]6$K_$|A4#uVPxEo,2
1104,QsaOssc3,DCUtds&i&6.)2}$L,2
1105,GHb2yylv,y6p;WpH)K|$Q0koZ,2
1106,tWgzXB3M,uooO@L-OSg(0l^Qv,1
1107,WfewIlYP,VGD2F.Ja46G4_#b3,1
1108,8i5bifLi,mL1^L4OW:vUT0RU@,1
1109,rlI5g3VS,s^gpieggef87IY1:,1
1110,7QJHcxvO,4YCynA#G>slqR!4a,2
1111,EURkZ6gz,7qH1_i2m%pxRz:W8,2
1112,tTHP9m12,&4B4By8<3:&I-Sa-,1
1113,f4rVpmSs,"UmJ[3D,5:J)B@Q9Z",2
1114,uIwrPvWc,"qOnSn,?Q+]|X0+]+",1
1115,KBJmRtxP,-na%ny3R7D@Mlz0z,2
1116,k9GF1RAQ,vDMOW5+8[|@ltMGn,2
1117,LFSYYgWY,:m<t=XvVO|2%PN*s,2
1118,74w5Xyej,T;)R1E&irRdYYN35,2
1119,Y3tm7rBQ,b/YSSo0cmkSz?tNM,2
1120,9wyfrPu0,f.kLM*3+5xR)^;2=,1
1121,usSRYTWO,g>L884$JZuM_9;j^,2
1122,KjGz7g2h,71hjoZ6bNL#sp/nA,2
1123,pAOQUrBj,k27-b3.HD7}qdUl=,1
1124,9N2qSec2,7s?FZ!T2JwdJ6?#K,1
1125,UPLF1CwR,XG3|$ke@FqlQ_8#j,1
1126,QZIMad8Y,OMb%I]EG5[hrl{<E,1
1127,oRk1DrYx,[@g7<]$AnWU;uaiV,2
1128,m786S6sn,YQ25ll0KBP$#VU65,2
1129,OBgzbpfr,tMU&Z.c8SWx6^;^x,1
1130,H7nLvVbS,;utN1Pt+6;Py)wfE,1
1131,7wPPApFM,kWpp@lAX98aM#Kw<,1
1132,ygVNMCxc,gSlm8O0@9yWGc0fL,2
1133,FbRiCtuK,j3zS.4-_1z;F#uZ1,1
1134,x7vT6szo,:[34Kt1u$@ZqDY5Z,1
1135,1QEF73MK,NQZS1BYeoo]}V:S4,1
1136,Nug7Wh2p,Fl!XuURSeJ_u8%*9,1
1137,miVxxfTB,/(F|PU0COj2.eZv=,1
1138,WW8FCtvU,%8oOj?]3f#9LD2Pr,2
1139,HP5pDB9q,BXrx29sb(1Vu?Ug#,2
1140,s3cHD11E,iQ;cJfMS7u99bU?P,2
1141,iStgFEBA,i^t0<JJ;;n<vElL1,1
1142,REmsfxXZ,p/I)s705^)%LS[ij,2
1143,aqJrPml6,:8^5icV-11..Q0c:,2
1144,bqSmwCTJ,??3a7^G^?Yb8DKL%,2
1145,Rr70IkOC,44WiBol+fhM6;]|>,1
1146,bsHmY5iG,>O6$%9^1q%ipwwv;,2
1147,WhjRIJzU,C=-b%b^AsGB0LYpD,1
1148,qMmsw0kP,Q*|v7uWQvCS0k7YS,1
1149,FmUrgYZP,RiPf2%w@E2j+_L_f,1
1150,0LOxyfZS,P<W5zuW4I8Mn;|>n,2
1151,wFOACxqP,y8P@i|U1%3[S}FIr,1
1152,Vs0eM3zO,O=l9Ww^KJ)6EYm)u,2
1153,9Jj9cMhY,)g<Vzs7d0=3PQcWn,2
1154,BMbn6w9Z,!MO>oZt2[CUklUS%,2
1155,GYi8HSuM,Fp:ozq$0@>57C!bo,1
1156,9O2cjNyr,Jk[IPi:)Nm04KCY_,2
1157,1K1SeAy6,4$oif<&E%aTiVT/F,2
1158,xtjb5Fpg,"2ZdR,hYKjw4:P+iE",2
1159,nJF6SfQu,j+.C9=zX*UEv@g/B,1
1160,bOW7Kk52,"HCQ4ycQ37|/,bsKS",1
1161,dcnzD0rP,"(E4QG+>^T,_<mOLu",1
1162,35fItgDO,v(eRXmStc/-AI0:),1
1163,NzxmCjAI,#-M8vE[zHDD7FG}^,1
1164,EbVjhLsl,"l*7M$Hr?ux;pV,%5",2
1165,Ge13qm8U,PB8Ut$eoS/q!a$D[,1
1166,ayLf6qre,LiUM7z[ze|2G*tC4,1
1167,xEPObrlK,ENNE>3i;IsWtKN(6,2
1168,aH3CSEEL,my4Vp0l(sEo#?z![,1
1169,fcQFO7w2,|n(:xXTV4-3Rk&CT,2
1170,lC21wivn,Wv[*ve%EUm;f6tK%,2
1171,rElE9qA4,"c;h9FtLy-,4wN.KT",2
1172,zykPKpgK,2X7A-eD>wo2Oi$2n,2
1173,MQuavtAI,H(>c=^&O6A3jh=Is,1
1174,iQLAuWrF,^p#8C!z/NA!6ty/b,2
1175,X4aZ26EZ,zxJi}8:khUZb^.)e,1
1176,XxhE4xzo,nU|EN[NReIbQ2l^],1
1177,tGGVeoqA,]tmB%AU8wt*9x/OP,1
1178,vwDMqZmv,:1O/sD_ak#h}$WN&,1
1179,6s9jYMia,$8XRO_5yvf5n!vR_,1
1180,wkMv8LRO,}u{DLUEn0MPdtvDc,1
1181,Vokcramb,nA6qC=O5^5{(m=If,1
1182,dAgvj4sq,g16=Id]kvuWnMe:),1
1183,5v0kzk90,"2H39,$lG?L]lxl:P",2
1184,UAr9Ic7V,ct$NdgA6NAx8eU(},1
1185,t2J7SaIv,"}Pv)p2A!Y0C&S),Z",2
1186,gNNdqPF6,3{yHWw{h/86A61}j,1
1187,EQxwlGgT,",8^gKc,)OaWj$zS4",1
1188,YUdgbtvL,{u:sf+*Or*:?4rRN,1
1189,GWzjTkmF,PvJF7dwqc@D*q}vI,2
1190,WNhoi6JH,":m2?G=n_4Mi),;jz",1
1191,iALpljiD,j2tu6f]PB|if*Q%7,2
1192,GuwmCLji,k}plo}qRkQvPmm7F,1
1193,RYnL5AGP,QvkM:ZG7lI$=!e_B,1
1194,ZoqCyiEC,Lilq3IZQ]{kH@m$:,2
1195,4Yv2EvEf,]Rt#*a@2[oNDh@KS,2
1196,ViwhAjAS,"{aFA#,1N{}9WPM:o",1
1197,I13gfcRI,"VVT:MO^/6dg,F86o",1
1198,Plsncnjo,^j)?bRp6GN25bF*m,2
1199,7ghuOYrY,q}K?R92TD>zU0s28,1
1200,LUxqaVwM,x=CvH)<mi!_w6/VI,2
1201,NHJBVCHn,dvdPXuTo/42/TK?x,1
1202,n6wcVUrt,?N-jdioh.<1ziW}L,1
1203,MsGzNXGQ,6J2V;(kM7LuKL4<j,2
1204,oKY5eipO,/vi;l6[yl=1KKbc*,1
1205,dmfEr2yr,[hb1eo@w*8AJ@Iq4,2
1206,QvhDtkWo,C(|lTC}92?.tDfm},2
1207,HRKx1xd3,w2_?>yy>fDS7czwN,1
1208,lgCeHZpV,;B45{-H%qHpZBf6],2
1209,Hm8hGBKa,IrlMXs87>OR0o/CI,2
1210,KpWkYYkm,g^*NB4upK7Z3]<gU,2
1211,wSGM7HUl,5SSmdb]LG*GWm4]-,2
1212,cm1CvpZj,z1%}J&r4^OfQB9E8,1
1213,6WHTmorN,My+DL[N;XOG5oQnF,2
1214,GlvgTWXL,4lqPnc]n0AN]DXI*,2
1215,kbfylQOM,?iVsy:M5^g5Lyzfn,1
1216,APn2CcCO,8}NLd}Q]v%&igTN$,2
1217,wMpHj8Ta,a(Oy1YwRCf)@sTy8,2
1218,ZBTpQHC5,I6S3.JLhOD#=n#Me,1
1219,rzZGSIp2,"f=}6}y_,)*0UP{F2",2
1220,yboEnJEr,<+dL_sjQ2s;)yB%),1
1221,0VU6mccn,"lHLe*#J,j1}B9It;",1
1222,R46NtFoy,n0c}0jLW6(F8r#.[,2
1223,7bIMec41,WqRX5:)yrb454.UQ,2
1224,JTiknipd,r)|A01l@m&xbuv?g,2
1225,ti7Bztl7,5bn3_xpdL%3]DFlb,2
1226,keOKJaO3,9^&H_[Q(QzJ_g@19,1
1227,NC74CVqE,"2dd[ivO/(>R,wpgA",2
1228,qRqVsmcB,Z5P]PJ|I_hGjdxY>,1
1229,ici2pbAn,KI0f96qAo$oT<@g%,1
1230,0Dg0j2IR,"I,Xt6w+:*5)me{rE",1
1231,ZbxZU6XM,",2%rSUo[6v!]j&Bt",2
1232,4XJzIKLy,Fxjnr7W-%;0P7i9Y,1
1233,NZqzEgzm,"O>!ypphc<S9O,l28",1
1234,do0JJMI0,ia_4pzu0TMkN6^kN,2
1235,2zYgyoSd,1epHUq!)*pq0kTQd,1
1236,0J9zJMfU,^7evJ/hvW8Zq6sbe,1
1237,s218IkAs,|04uAM>1jS!x5D$s,2
1238,HAVkzvQD,"f>;5,EcWT_<VdTi2",1
1239,FvvI1ZxO,e{oTRg+Sxp:i4F0w,1
1240,fruBnkgW,CtN1Td9m^(uo]|yD,2
1241,npAcuIuX,-Ca^!Hxk@Qa+L7.H,2
1242,RCDObBqD,_dwlyQT!Ep_!S42H,1
1243,HiWwkDmN,2LeGd-jv^pK91@y1,1
1244,CciWnz8I,+;371XNcgh7$8tJK,1
1245,4DrhcFQU,$n9hzCB@(mi[}n5u,2
1246,l1iz1QPj,HmAm2n2Sct!X)sSe,1
1247,CGrexMMX,sLEnTp1LU[hLaMf{,1
1248,zlQ9jO9J,"EVkt#itVel],l<C7",1
1249,DEYrGARm,X[eYh7|@Rf_QJ31>,1
1250,idvvhyZ0,nl=2oW7M{Qv0Tiv=,1
1251,x5LuFuyR,5:/t13$v*bSlhpdQ,1
1252,QUG5JRkK,aV5;ITRd!1=1vqC1,2
1253,Etn9aKPU,+cpW5Gk<x+n(k9ev,2
1254,hCH8QDeH,KGZ$Jm4^y>M$91[),1
1255,WtYMW91O,aCDsC%9Rkp.8(@:N,1
1256,OC6OLt3d,3|:}LR>ey8cN|H/Z,1
1257,bNQ3iM2p,"u0W/k3>cr{X,hv:U",1
1258,O8OG5USF,/<){KWMrZt^3TumS,1
1259,PtfT7OTG,T@=[;y.9!o842H=2,1
1260,sud3Pldw,E$iT[5g[YE8#9wg2,2
1261,9PJnONYi,:.#Hl&n9O2?Q+K^6,1
1262,QiTaX3MC,Y](83QV2yx@okD<?,1
1263,xkXYeQLv,K0pvAC]sz:&]Ox/T,2
1264,ucu2UL3a,"2,sYqt)@p.X6a,SL",2
1265,IerfVtYG,wcb^1-KM?xXp2TH0,1
1266,R85lq8Y7,&77{PRhq^<Od(X9S,1
1267,JHSF7RXi,1;E0uV8yDXFA8(N>,2
1268,A4uzCeyy,-2z*_HNrr%*<Ie9Y,2
1269,dHIEzYh0,V&<D$6wCpPlDb?2(,1
1270,p6Qm8Mx4,+zv[n1LMC1iM[E>9,2
1271,BHeKe8Jy,"8=,GsMeX#(5_:k43",1
1272,zt3hFavi,"uvky|2:6dZ,N=8Hz",1
1273,VfW8oDDX,XQ03fbBqhQi_rbQ!,1
1274,2jkt27ks,"TE^),Fg}068]%0vn",1
1275,7KeOTjy0,6Vx*nxX4HTkBU1U%,2
1276,99tRhXz0,"h0?,P!yan!jLHy?%",2
1277,Us2fMHDN,"l6>UGQv]>cyW,g8Z",1
1278,PqtVKVhK,<kX&0P3tZ0GU+@U>,1
1279,djXVBRE4,rr|D.hq96:WjB;@K,1
1280,5TM2Tk1C,"P,Q>E+!aX2:KQd$$",2
1281,d5aAEBdR,fRBd1q<;^#vzWXi6,2
1282,zSbtXagK,k#QJ3q@r1q_ho3sp,2
1283,VGqQIfNN,Za)5ZJyBVa09].J?,1
1284,VDxJ118c,eQN0uC4HAp)T@H[>,1
1285,tfbwyStE,M?J:hD;_;ik<L73m,2
1286,Qznbq9a0,sOS!%Nu>i5_Vq!5F,1
1287,jyfeTYuP,]OfSfWfD#Z#[%p1G,1
1288,u5ye5EhS,h__V[q%<5$}TPf4N,2
1289,UPJFcZEW,l4nfY?k:x^PIkw[I,2
1290,IIOodgY9,n@Rv!yjI!+0!s8iD,2
1291,0Klhj3At,ey?:HKJu%vi{p?J9,1
1292,eWNnztiv,u5EBzM>P!N39sRM@,1
1293,M9pC2B4a,iB)y$w24:p(Vn)MD,1
1294,aL9naHCV,MAa0PRhn8zF*_fRE,2
1295,d8TTBvzg,zj;EkqY*o%.*2wB/,2
1296,4eZxmGjR,;Fs@X(BW/<jC0q/P,2
1297,DPxR7cyZ,f7!JNvZhj(B%bo2.,2
1298,VzA10F2s,MCe<2l<!(wE#%x0%,2
1299,qtFdCj5b,i$*e?VQc<Tued:82,1
1300,SvBPaW7y,6mqq@ZgH:5]gbFs&,2
1301,ljj01xNs,"oej2kd,Kv6B<J|C%",1
1302,oTInMuQ7,uQ7]N1/}70[M:4aU,1
1303,ZYhen2Ni,4z<6>OX>*768IgjK,1
1304,nXDxbIPh,"d*63cYM>h|7k<X,L",2
1305,ZL1BJeP1,6aO&MULOLqbN7cTr,1
1306,XUrUlXu1,..KEzu<0|mPWsIV4,2
1307,OlZB3J2V,"}i,D7l9I${;i$q1R",2
1308,QV5D17Wj,&EVnz1&(xPL86BMF,2
1309,6JSps7ji,]uj&KY5m]_6g5Qx_,1
1310,0hGNGMen,G|Ks^7v4N*.4_2Ll,2
1311,uhgQzhVG,.&0D1n?$SpO/sB!=,1
1312,8B47Bjz7,f2x2Z1?OM<c:r$x|,2
1313,ZiscvfSx,E1Dby-G}1S-whT4c,2
1314,zCraije8,I}4f*obB/Q^=hDS=,2
1315,sahaXSgj,xXccF8X8_)oViK|J,1
1316,q6VM1UdF,q:e.ze7|[RIo;AM3,1
1317,1W5UFEqp,"m6q8uk-mTbE,}]zJ",2
1318,hMeGOu4F,mD$.r5]|D82f_KnJ,1
1319,ZUYDmzZ9,<C*7yfBkQ;moHl*S,2
1320,SqLk7qQ0,Oj0WZh&8Xr(Jk*Ds,2
1321,zNfEuuel,zQt=<xu=(vpJjF4],1
1322,r7FMsxVP,gPtn8Z}ivNz?;rER,2
1323,914l7JUn,"z.xc[O9[Xg+I,5d/",2
1324,X7FrxkUk,{fCz]nbZQWRH3.ek,2
1325,DonUTBE5,R6RhJ5B|el}?](i;,1
1326,WfQw6j2K,2ddA1;>5OV&.8C#P,1
1327,XRYr8vYu,"u%vbSS,V6JI3@me,",1
1328,ppjreVnz,DNe^y?A5DZZ3abp8,2
1329,Kk359rc7,InIbobh}NU?1$1Z+,1
1330,2kJRlrCB,|BuO%XW*xGpi$578,2
1331,Lj30MH8o,59XcG})^Hi3AMmK9,2
1332,6QjTrNgG,jI1)qrd5;jv{%[/],2
1333,cGOGOMir,RZT(c){#fn3_x!p4,2
1334,7feGuxZP,o.9s7i6p<C]5BY8?,1
1335,yWivMYPH,A3ug[$2STHsU39;},1
1336,psxeB90F,<R(0.lHVtwl%T9J@,1
1337,q3QgW04g,"fJcX+q,QBa7N.3q[",1
1338,zeO1xfki,ln#8e#eTEjWN4|T?,2
1339,sKL9r0Is,.mf:@HX(4scPyxeG,2
1340,rwjm4lGQ,}{Y9.6i}Toyz/=3b,2
1341,4reYVZ0S,!1REEn4N5Yhc@Cx/,1
1342,fRSNw2b3,24#TgAkL*;tYRgz2,2
1343,tmuklYbH,fInd4HlvM$:K9Jd7,2
1344,Pz5JFSHV,.3^nLRpI|OqmA-F7,2
1345,9FzToBVx,%ktsU_+?^kg54Wr],2
1346,8aYI6blL,"WlZuY-,5j/OWR6yF",1
1347,QVmSUUmb,T3t4Q!/ycQ*?qb%K,1
1348,kQMcLQZp,Z&71)@WpbCu4FK[O,1
1349,fCaTOoRV,jAQ-k4ge?nd{1H}k,1
1350,96QPX5nY,?5KvDisDX*6<=5?4,1
1351,1WPAKIx4,AL5pooUS?dZmI2kH,1
1352,tTk2ncU7,nhU.7cY#eC>N&4@A,1
1353,DVovcp01,0?/2v#W1^54P!y]%,2
1354,LI64pijU,Tr%x*l;kV%v%]o6&,2
1355,rqo9xn8u,"4fX3Oxewf:]D_P_,",1
1356,TJ2GHoPP,F(bQ$gl0e:|kf.^-,2
1357,1lCVjKuq,"kpSoo5C3i6r<&D,^",2
1358,zTT2JKwR,"&?,K#KX05$lPeZP_",1
1359,7D4jEaAG,8HEhz7uKopin%|{F,1
1360,XFtkDWiG,;2(ho7A;00nY67)b,2
1361,pqHNGhEL,oq/&-7pE^1FvUTW>,2
1362,XA2AEXwn,"w{thGbH,&9FU.u<>",2
1363,YqoIzXtd,"-,QV+h^q8ME.xWbC",1
1364,BWciI00J,>>g20{PX4H&Ewqf#,1
1365,4e9RV7dl,5TrRZNU)30h<]!Ke,1
1366,9b2VAWvb,RtwNgZ7O^X{/M[-!,1
1367,7bYDveaF,#ahl*b87fTQqdcH3,2
1368,6CcMUiD3,"Y=TEF]in,*y62K|2",2
1369,ZvWQxH6v,pT%9}l4D|&CB!OL;,2
1370,SauhTUVw,"Mx1rU?J,8vwJdx*N",2
1371,Psns3Iou,5HlD$U>qNvWai$?!,2
1372,9Vmobc4Q,"7Jd=8q0uxVl*],^<",2
1373,RWrqdzbo,"3B)1RlWmI*Ig,)Ib",2
1374,1Lt6HuNq,lW8xF@H%A&:FtP0e,1
1375,8ZaTAT0z,"5d:]Ko7Tj,}IW:(:",1
1376,kkcV1rMS,nvRd<]G/vmlI}9J0,2
1377,LSzvVZx8,JgSU=<6o=Jx_-Y+;,1
1378,NWm7txdP,TbQ@]y]Bv1l5kj7+,1
1379,A3q9R3sM,"|U?Iu9Q*5^},bBkH",2
1380,s0cD1g3A,hR8C!+3u>5k|a_/J,2
1381,htoLbdAc,1S%n8/nvnb3US7ls,1
1382,4LVNNCDV,GlB]VnmA+O{m1|l{,1
1383,JRJGPt2j,46?lj.APtPCso$W[,1
1384,cmZpnf88,ox0f|G-uZS2]d]*P,2
1385,gLxh05iB,?y<3r=]WJhEi})69,1
1386,PJ6g4QUJ,9/X?xo]yM3Vzq@^/,1
1387,ZEAJe0Ro,-j;8b/G3XCg1)kDZ,1
1388,vyzMCs3U,"T#2<5,j&N,*U|@_G",1
1389,aCkT8u0R,pW8PKwp0mVe{?wXE,2
1390,cTZBdL3i,CUtj1Uz&B!(72PN4,1
1391,FW818gjz,olF0?MC#[Q13K17n,1
1392,00nP543V,"kY3_nTTxR_f,0h{C",1
1393,IYn77uxW,"VIWvszs,8A(PZ*,H",2
1394,9XjMvyEu,/D!77c$6D;0C}HgM,2
1395,X0iJ5fco,",p3sY;;2iqT3<uh3",1
1396,IhGVOFOq,c/K-RBH-Q3{^1m.W,2
1397,Blb16ZUr,Hk|A#8ObPLVR-rG[,2
1398,Hl2mbM0N,o;>{c^HG^wh5ly.*,2
1399,uHGL7Mo7,"H2X7n+,|fFq4-n0#",1
1400,q8Ju1zfG,A5loR27zlg$]p}CS,1
1401,9Ga7D0fP,l*Zp3hx3fULT8D@G,2
1402,h3r3Iv9S,}tJ4!_Mn>hZ2_>z^,1
1403,RBZuqPrX,aHB%Y-Dc5y}nRbdF,1
1404,il1hEKJI,"k0[c=jJj:H9J,#4=",1
1405,8ktKtKVt,EYgqiPtPa]u4SqM<,1
1406,3SzBRpsT,6Z?OnWnkpJ]<Y+w&,1
1407,xdm9J89a,VYc4.!sS8x1h-};^,1
1408,Ca8ZxI7I,"fOiO9Hh}80z,Tb!j",2
1409,3P4bgIiO,"vE,r-UpJK3pq!<l;",2
1410,eVxhZh9A,3SI*b]ndP9ut3Hdi,2
1411,z0zwYNv2,0KKZ{za0t_^Hnp!-,1
1412,W7iWkt9X,ibE8+NHgHCO6_:su,2
1413,vvDjCxQR,bXl=yl9)6dQIz^%],2
1414,MWgX35Ea,mxJ=#C9VM0qrEK)S,1
1415,p01dvOOQ,"2<AF:>u:+J&2oN7,",2
1416,At09KKHd,uUv7$z:HT_%HDb)N,1
1417,LdWJiakW,G7bX<4]6NJ&HSz8C,2
1418,nG1NgtoK,s-NJ$3cE6Rc>x2aI,1
1419,f60byEST,f36U;Qj93vyD6e/s,1
1420,Omk4mEJT,0t[D|g3?j]tZHpgB,1
1421,FxAqNwcl,c7<t1bQo(#!:*{Vg,2
1422,KlFkkCuk,N]jV+.kN7+&_iM87,1
1423,MYuhxGpT,RO:S9?Ij>1f5)zOC,1
1424,ODfpfYux,u>{^|Jck+2rp7!DD,1
1425,YNJbelF2,0|rllU*|?*O)_EjX,1
1426,32jvkxed,Bv1<s7<NSh)MjTZ6,2
1427,Yi4jm6JO,UndCgl0*|!@:t_mp,1
1428,SrQSSiPq,v?pr*Zh7+NIg;-5n,2
1429,8fYzncjn,nQHY%.-)6c?CmSq^,1
1430,PXJh1zG3,Obw5Y<xn6!BH}X:w,1
1431,ajO0hZIF,}0inGvyK2un&cq5;,1
1432,nSPbHxEJ,$;1U&j(L@E/TWX9w,1
1433,vWSXuKrh,1fE#Cf]$]LfY2Hpu,1
1434,jlDIfqLB,ZzUqnga3#^0c;Aor,1
1435,VdL4YG3s,8]+z]TSL^5$;R0(m,1
1436,hNwIwfRu,t9zP}}v&CU3>9e<I,1
1437,Eab410Xj,"-B5H7N@!6!VvLz,k",1
1438,MBx7kUM3,gYtxpeDV0K{EQb{A,2
1439,ujQNTjdA,fyzt#n;vu8x|%A@1,2
1440,MmWpwSXE,"bo8f^6,c}*,gHJ;V",2
1441,9Q1j3dUH,k3>Lw)xE;20x?9zL,1
1442,DSJRau1X,"1oln3r-f(p}>Dbx,",2
1443,RZO2b8p3,G}uRine9;;VW2MI9,1
1444,QqY7bxIl,Qr>1iUYTMFpvvJ[.,1
1445,EfEDc6Ne,"P.,)-n{8<@EKcgP[",1
1446,TWJb8Tqn,ZzX&5*i!r=J^7B0u,1
1447,yFRmviPW,{Gv*;l6HCio;U8_Y,1
1448,RyfamPeN,"G$,H8LC=RAee@,2h",2
1449,fn7G4hcj,RcO+[[&!Eh}vul3o,2
1450,Yzjk9o9b,kKq)p7kDA$]mFS.W,2
1451,MWxdzibP,2vcKW4!jaUxxD$ag,1
1452,ggZ6UC8M,pNHXhzI[h5MX50jW,1
1453,dWhKaCgd,KyE6AFB=LDftoQ(6,1
1454,oxlYvyJj,M3NXz+W3o8dc|#.(,1
1455,MEZ41kw9,VWczj+<x{n1JMWK<,2
1456,hNEPLr1V,FJy^u%S=c8R=u||=,1
1457,3QwL6zIk,889ZmCz?TlZFTQ(?,2
1458,aekZwrHh,<hDO6:Fn8y}4QBF4,2
1459,L69XYs3T,|MtSJ0$XNr:@M<Qs,2
1460,MLG3bG0H,lTEOoL1jDoo@xziC,1
1461,c6Oqf1B4,79TEhCE%+T:Yw-yJ,2
1462,0I3zpCGr,&-kC!Wf3*IiT$M|S,2
1463,q1dcIZTf,d.fjgtsbP9;RCXz#,2
1464,o1wSmOuC,p;>e7M-nzC=z1ZIa,1
1465,jxGLN1Ha,XU<-zo/XTF9>xWrx,1
1466,hHS4dLC8,"Qqv^%5UWT9nVi,Ub",2
1467,P5ZKO8mw,"q5ut7=&0,)VaZ$xR",1
1468,eL9lG6WM,",{WbYAk,CU^o0x]A",2
1469,jtN2871u,"q,2PHP>PKhF>.8T7",1
1470,45AblJER,UxQ?pr%<Osw36_Ew,1
1471,3TJWtEm7,8bV<T1%jpQENA&5l,1
1472,xYDgDWKo,{pOCzX8Foz2gZRJ.,2
1473,3YFWRb9h,sGj/=cpBQ4f.1D5],1
1474,I55pvNt8,"j;,_6:r8PX[a)0)g",2
1475,1A9iNZiz,g6W_)ZAk7k^LWeD@,2
1476,KZnfkoJ0,JW5EagsMuz*-pPV|,2
1477,08KnNKba,T)Y=[h|}>zqA?w1g,1
1478,OzuoDuDv,2#y}4z(Z9AmbKSxL,2
1479,KKwZkhTy,mVW<wh#sKqvd!P0P,1
1480,AfYTePLM,E}-qs4NiJ{t;XLl4,1
1481,vMgGtnp5,r/EMw5]#p[O-tD0-,2
1482,vaJS1fdk,#wPJHpC&=<n}2P!e,1
1483,6tp3RB6k,(EP.o&bCo$Gj3@;-,2
1484,dskaveK9,"(!pC/S+x,&QZU108",2
1485,RmrzNxsc,[%QP^?=8V_z()q/J,2
1486,Usc77gq5,pATJ:hSKkTt=[@1W,1
1487,7kVLqD9K,h%Yl08?WKw&#S20A,2
1488,vjDFQnWi,MP%R5$%iF1a#c4f@,1
1489,Af9nFb97,gaN{jN#|P>|}5qTw,1
1490,af9id33H,s+LZqjF;<v(?j]23,1
1491,p4N3johM,GL6kc[#Hc9&+g=o0,1
1492,xEpzZy2o,I1)Wj51gWHj]Y[X{,2
1493,oYsDdqUb,R>I:m2C117^w<7*t,1
1494,GRObR2fZ,G9G8uf](|)o2YftP,2
1495,MuKHMBwh,cq%-th45m/8m.m6B,1
1496,jgJ3inOx,z+[zJ4u&}qpObT98,1
1497,0JKYaGyo,{ejgd2P>rfaAx|*o,2
1498,o1I9867N,eLD8Hn.meq>Wz50J,1
1499,R3c6juSj,jKkJ-V70>CAx5qs^,1
1500,gf41OPKN,5-jJb{%^}X]0>(/c,2
1501,RSrHmILx,qlhT/_6czFS4U{Zy,1
1502,5Ac5O8co,d:wJtFmk&Sq3:Xpz,1
1503,YfVPy2Gm,|zlW+Ta*#3c)7QJe,1
1504,0qQUS1Iy,6e4}CFs@9gGWo[[!,2
1505,H8JuklEs,D:j|}1/(2?/=M+x],1
1506,gGjG9UX0,"%B12AseSWZ,/5<H5",2
1507,nHCFnsZl,"ba,Fo*v;4na4_FNc",1
1508,OAH4zsqP,C#x}41H:#Wkk}pt-,1
1509,vai74vW3,z8g#Ifq*(PWFgk$S,2
1510,XYYl42u9,*4O5J**w7yTGz3Gb,2
1511,tWaBjYex,9Qk#*[}#$.rGe1hb,2
1512,hg2sqV7e,xB8IkY}a7v&o.q*W,2
1513,defgcYHk,Z3e?WnQ%r9Ke6Rcd,1
1514,EKB49Rvn,|V;uvF|P8Ga{>YEY,1
1515,LsNu3a8o,$TdEB;(*g0a{.#2o,1
1516,qAUWajyp,1)N!QaJ2jHL^vMr),1
1517,YziiT5Er,">ZZ>;i,u1]7pU.2Y",2
1518,SUMCKpGA,x%aHR;_r5>=?u?}t,1
1519,aWNRqVTs,o:]Oxa1cA?XXMZ=7,2
1520,X6x9U1jd,V=v:=lds>>58N{Vj,1
1521,Od9XbCcG,TR(;(NG2wH_p]qrQ,1
1522,6i1mQU5B,X}i5?7rI*a7rKL67,2
1523,RptJwwNo,x197eJf{PDaTL4v},2
1524,plHS20VJ,90u3O@:7<rv5nC<T,1
1525,e9TeFfHQ,"4,wlCNuK^p8{e}QT",2
1526,VaidNFo7,fi6M|KnBD}FE_zC+,1
1527,yzrgTj9V,i&{T_>vh.iJ59m+N,2
1528,RMlRPdDG,"rqJ-r(zns,2c4=M4",2
1529,rV9ZYlSh,{qJH[MKGHqKV5:2T,2
1530,hJTfxoot,P}WVQ;m#/%4%(wvw,1
1531,f0KwGqJO,D(Sy;)j9JQA[{o2f,1
1532,2EeOvXaj,Nn_1{HJ{IbymNwzs,2
1533,2xso0fLY,Ra1Nar6(e5DX}:tg,2
1534,MfF58TFq,b-{r]22Fh4wP/2vu,1
1535,2jZbFOSz,)KG$*Mlb{K_ij3Z?,1
1536,9GIRDiGo,E&-MzB>fkgP^{2>U,1
1537,UjyyEoOa,AKoo#Xdi**^*M6!^,1
1538,YMXrLhWc,",v$_I0lYaDHs+SNI",2
1539,QuMfECUt,U8u1R5Aj3Whx*4S%,1
1540,qBbyTYfO,.VmVJz>iGq1RqZy:,2
1541,IP40AwPf,N[1;9:Swm2.B;_Mu,2
1542,bjkjcT9z,6a@1%j^H{iYuSiLJ,2
1543,MeNAVGPY,IN:EI(Bo!8pbDG(?,2
1544,x7oqZk9b,K8C0wi{V}/2&&6Iy,2
1545,iy6DKhG3,"yVk{?Kp=z=-1Iw,B",2
1546,FQVjGEKO,r[}lpD_V5.iu&Ki%,2
1547,FXXZKKps,[)!c8<=B3F?lJTJr,2
1548,GFNwzkZO,mUZGyN64sC&[1H:G,2
1549,mnGjPiOu,hhX9c$jLh>V{<5Hr,1
1550,5uuGojB8,^=a1V>1|Fj.f;2Ie,1
1551,BYiluZqw,5iPhXlW5U]WpI7z?,1
1552,cegqCSxk,0+Y|YvQoocc|9Zi#,1
1553,oAxs8y5h,"NafS_,uqd&nF,,5Q",2
1554,7YnOleQi,"ZLqHnx^p>}46q7N,",2
1555,QJfDDOGZ,f5_b(#<*vX1Es4)F,2
1556,LCPqPX4W,j#HcT.Eomf0xhHWk,2
1557,IlTjXPd3,;WTBE<^t-Vw8dHVC,1
1558,jqCjUKJj,ir[+S/lz^5|J=4T>,1
1559,GsDhwr8e,"r-$ubY3fvN<YJ(,Q",1
1560,EukWaOU8,DbG4t@O}(9LAZAq=,1
1561,HzzHPHuf,J2nCKd=}Ur@}b!LV,1
1562,b3B3PHxc,"Vd,i846ClwTpdd@)",2
1563,M4guU3Z7,P6>L28v0[|RK)^7N,2
1564,3zklidtf,ql3F5kTx;X}5S{>J,1
1565,1hpWFms0,I&m$F23_;F!e77D/,1
1566,y2At0itT,+90ROKBYv>FBjJT0,2
1567,QY5qLIck,yxZi34MR+{MS?hnX,1
1568,zCxLSLeq,"^(,::|$tK7msL/0}",2
1569,NaU3EwJw,?C4B[kdSmbvj>7|P,1
1570,Jv7WRwuA,_j0S}@a|P{4J33e0,1
1571,bmSMQBID,"d.}hlD?0Bj],tRR(",1
1572,oSNwDIdT,0#Gf>S[j1DR]J!+u,2
1573,hG0y28qq,q6sey!YvS6{BW&OA,1
1574,SA8pgURL,?0^i?jP0yHA63=Vf,1
1575,ICtVbekO,zC#d|r4M.8E:45A@,2
1576,zNjq3ckg,TT_77Db$q:^d2Xf!,1
1577,GWAImISx,|-S&a>P=z|Os2O|n,1
1578,O5UXTIXW,_|1rEDa2W4=EY7@X,1
1579,O2xr9DqR,"yjb2c,a,Lu2[ZFJl",1
1580,Ep2P1eUE,4rO$C=2^@$KW6*bR,1
1581,oYFWhRLL,"15QoQ=Y}D^up9/w,",2
1582,lTEHmBlw,tv-##v^;3-gZnUYs,2
1583,wfbBIU7N,@q0/*LZaQ^/G}^Q1,2
1584,60SMx8hR,"#,e@&1WFA3Bq|JX[",1
1585,vk1VrKFe,4Y4/sY)C)yQ&Ph|*,2
1586,fE86U6Ji,!/cjV14>=ksFWh/P,1
1587,pEpSGUFH,omrQ6x6xHesA2;&%,1
1588,bgDspxlf,N05#LkA5x}H]gQ_2,1
1589,ojSrIn1d,@BPg%.@L$LH1yhLs,1
1590,43niszmv,;?;+Y+FMn#mm}1x1,2
1591,WAlrLYWc,uEqXW$.ilU97o?|A,2
1592,Rpuq1GIa,P>F!n|T|+C}8|OEk,1
1593,326i3D2B,S(y&AM{26jGG(2!5,2
1594,D1ss4Iy4,)3U}Lc_9PvQ}TN26,1
1595,deLX7Rck,71&apm5Th!Y.&JZD,1
1596,FcZzJCFv,gI8hHapdZX6K4v]M,1
1597,9w04cOuO,8twL^gyM:>pb/^ZG,1
1598,Qw7DDBV1,G!e.*|(f3OyDyUha,2
1599,uU25WODS,2Q&mWyG)X9)M_+?{,2
1600,qnMsrtu5,.6K//no-uTS7c9@5,2
1601,AP7OaGYO,mf6tK?pr6P=1>XWI,1
1602,lPKGzzYS,c4ZF:x?[Np]N:KS;,1
1603,T1g69Tp7,-LV}L]9iNj3&oRO],2
1604,ccjYuHK6,58eQ(.U+qTkHa29z,2
1605,XYmITPk2,"0q#E;8^,q/A4PW,b",2
1606,HeRlg5NB,+2Qwl6vznOJ^U5]K,2
1607,3gus2aRY,"2QlW*7}h,Bq0MOVk",2
1608,1Ecfl8vf,2LFqtenh|2JS-vWs,2
1609,VGSCrBDV,"s6+_pS,0my@9?^M0",2
1610,bcxlc0jH,E=32T}V^pN-r)!3E,2
1611,sEXLycEb,zuV6}VEhceoHNks{,1
1612,iArVDdc5,pbWABXt9;a7L{W<p,2
1613,2WNvm0Ny,1Tl8L4^9v^Yz[$tB,2
1614,OuSXIdWQ,YPR2ZrnK!^;u(0Hi,2
1615,wK3Gp5oX,}14@mSTkZz]&]Bo),2
1616,gvN5xmgo,*@#%(W#P0k+[YXwE,2
1617,hp9b3fgm,q7($CT6&zmpCC|!W,1
1618,uiaJBaiQ,JW8$I(+#|4Dw=h@+,2
1619,ZHxk0fXY,fAF[r1Ju;x|90!Ky,2
1620,WSV9czCQ,WBf924=Qw_^mV.%d,2
1621,ncdMvDtY,Vgh>:4.W1Dy_#reK,2
1622,1Adsp5Lg,AUM-==hjd3w6-6Q|,2
1623,o5gGrzSt,IWUDi/}_5ma^rV66,1
1624,D5BG8Trt,"Y,#|=+6VIA==D|Lo",1
1625,V2S3PaoW,QimlsO0_ev;KFpnt,2
1626,VzgR1fU5,%}u(8;b0B@W?V)%/,1
1627,7ZJ4vN7E,Ce5>67{}YH:C1i5v,1
1628,g8lzXCUH,Rl{|DYRXrp2-Nl]D,2
1629,z1WPRpTH,ah(kqHB1J@T/{q#Z,1
1630,bZZwkufL,{@EcFgAh&YW3&l/O,2
1631,QskM9YiR,p/{sPXrAyQh_O6MK,1
1632,1067drQK,101B&99=4OLRgm9F,2
1633,gAPOwmQM,DomVDgytQj7_tYH5,1
1634,0rcNHetf,1bi!Y$_X%7o5Alnu,2
1635,0FsyH3oQ,4OCR)0Ft:V!(M4i*,2
1636,WNJszh8G,dQ2r]ONT^;JV8MYp,1
1637,DDVqQ73b,0rh!;p+7@>BUVZsk,1
1638,ALU7rAT1,fP:vXU[/DV65CaNN,2
1639,9aZLkmuX,H6U4a:o;t.=x^Y40,1
1640,bQUzFvQ3,!ocet<[3q%w]QMo],2
1641,nZ0Z9V6m,AI)#z6IRz=p348V+,2
1642,YN5Cjapg,/bo>Q{@;GS7CRr?H,2
1643,RY60f6KV,_v/Ob{i(6Dgn89R.,1
1644,3rjT0sUy,$3WL8&gi}qgzaxeU,1
1645,taUVZeD1,"{k3Pmjja-FRkPz,*",1
1646,ebyniy4Y,.UxVG-*0C}0O$V)0,2
1647,wBnlVNZL,hyHN(1_G7d&;Q&&K,2
1648,0myjOTL5,"NO[7nO,n8Nae%kW{",1
1649,W2ZqX7n1,[Bk8-q/:Vw]!gc;<,1
1650,poDWTDbb,4Ci&Rqx>&5$wv{b_,2
1651,QnXniG8E,"PW&,OEJ3}k.AmfTp",2
1652,2echHAUu,"*Fn2zPt,.rd;alf=",2
1653,TulYiND0,ghqU-AGJ#A<72qN[,1
1654,Bs2iTC6d,&6dt<^aeZLt}5u$y,2
1655,tsQa5pJo,"#AoMktU4,}zzGF?4",2
1656,mC98YRbq,x9t%FY7noJ%#FoYZ,2
1657,FqJbI0vJ,fdnm8@mgPRIL5DGK,2
1658,ovPh7DPo,?]knH#5NbAQ=AL#[,1
1659,czEDhon2,f{dR;E^uW70OvIPa,2
1660,DczLn6Yn,u<u7DlJ3a[L22)?i,1
1661,ZoQwbp0l,1lLHhs*9u_9wP)$U,1
1662,me2Tu5AK,"^7]twRav<,Hj<_IH",1
1663,G7667qTR,"uxAcoUC78$emn,0J",2
1664,7EHGubLE,Iz[=$}QtQ4!@-g1Q,2
1665,v8XXe7zo,2b|-FmdO2[q/jI47,1
1666,Qx90hPvn,rZ52Ci*cQkURK_x1,1
1667,Vwicizry,Z|BEg|Xd:VX)1Zkt,1
1668,hPx4rh5W,6zG##jKoD>;d0<c4,1
1669,Y4u13bOe,x2>ClRKXl67%O3Ig,2
1670,XMY8chd3,v?Z>f%T9w$XD*!fU,1
1671,NJVlNaxB,"h0/,50c!I96+82fb",1
1672,Z0kX1lCE,f%UUM/Rzr$^8Io2j,1
1673,ljTBJBWn,iRe-EM$^6:bU.S4x,1
1674,7TeP51YE,"}>|s,[%pDQ.dC$j4",1
1675,eFB47pRd,86OH{7af=mu=d8(T,1
1676,lyCfKaqG,c.lC8GY02am?5ur!,1
1677,Hg3YHDc0,1L{WYMBkb2eEW#]9,1
1678,qiJNHZHD,AwzKv:(x&H^S@8lb,1
1679,dq4UieX4,22q[>bpp^o)*$[%O,1
1680,r0AHpPyX,oB.2g6]y<%PRK84C,1
1681,z2Sk2h56,nf=!!uh2i)0qcKuJ,2
1682,Y9BuRUtO,ZVO&zQD?5>+ZRePk,1
1683,0L20yr41,7k-1d]CEeUKZ$ol;,1
1684,sfi1ZMbM,%h(94:4#l^24iGtF,1
1685,zxSXD9uu,18]T})@6ff.$>zMf,2
1686,hyQ0dCYx,Y8=1SfW8;y8lp4I1,2
1687,5WE49GLQ,Ow7rpKbzDIn&oYhb,2
1688,jV19IjPC,)gb:wchq^*5)+0Ji,2
1689,otIA4oxz,rQ/l.82b2U4+lcF7,1
1690,zIhzJ6yn,"Wp,Di<w1.-d%Y4w}",1
1691,Ul8Ge6QV,u&hk6k?[!:Q0fRbW,2
1692,W0hIqf1e,"/|V/s#,f0rFL*Al4",1
1693,cBye0sZB,"TQ4,=H]ks@JAdsCO",2
1694,9wIdpkMT,&#:.gr.n=)eqX0m4,2
1695,QbbNeRsV,eexM][0RMCw07=?e,1
1696,f30jYloq,pJ0iy?ccPH-=Bsd@,2
1697,Hn8a3GVV,t8y5Zmt(8BUK+_+R,1
1698,qB8rw0on,bDq8_jfxqLu0Vc&4,1
1699,D7XfAxqO,g9mq0h6$_jH(y-wY,2
1700,Jpa29fjd,x|>H.Bm:[RP8&b)A,1
1701,q7zGuge7,>Yt*#mA29ylmrDxT,1
1702,rTMtkPVy,;a;sGn+MJs6<TzFU,1
1703,GPsglFtf,"+c,>ZiU&#rAgzwM3",1
1704,6nbWApjy,Jo4--mb%0%VD)mrv,2
1705,yyypsUDt,"HAjE%,%?^WNs055:",2
1706,IgkEnz1j,qM?XM$ovYt[89)6W,1
1707,TEr95Cu7,lD-_4^VDce|{6kWg,1
1708,bo8KDshV,U^8*y<0R-NL-eZx9,1
1709,JPQTemdl,f4dj*N]dG.><V^SL,2
1710,ju3ni6eH,C<vgzg^EE^U8XG8y,2
1711,bnoOHMxx,:#RGsUfzc/7u2@qF,1
1712,o0yZAcaH,06KsswOS!ok.aWg*,1
1713,aLGHoXUZ,Hal]UO0bkGE|n3T;,2
1714,Ny0Ph3I0,w@xm;?N>fDULpT5[,2
1715,pnOJEJys,8n-&Mo*PNXX[mD26,1
1716,H8dUfEpM,u;3u(7UT_@Ktcv&P,2
1717,BjbxIWvH,Il2wA=Jj}cAN=/{[,2
1718,qcjnDLKb,":ec,?keH.vLkH-5o",1
1719,FZAT0FTm,1nb3TF.!88N/KUf-,2
1720,NDp1C3dF,hT<>;KG60^m1vh3z,1
1721,iYOwoTpF,1Otc4Hx8vrx7O)>Z,2
1722,3aSTNxy1,"E^dov2;YOn,?@B}G",1
1723,qyRV210g,"W,K7bF&TA?SS*X4#",2
1724,WXeochHd,1f%7=w)JEI#/@.#{,2
1725,PWNMs4b5,/xVs7PBJ^C;BeR}?,1
1726,LMR5ZjaJ,05QmStK/2Tr@g|*:,2
1727,b8n26nZz,VBwiI/vH7t;2+%-},2
1728,VeZhm3Pz,"w:,GKtWx_8&o]HGZ",1
1729,KnhZBCHG,+|5s#}Kvck{W1oUi,1
1730,N8oydEpt,-9eO>nPwKR5T1lAe,1
1731,cQYG1mii,K?s9/2He]7JR_k-w,2
1732,A7b20zLC,"&d1s,0#AFW[3CMw7",2
1733,wQi7v4Tr,qa+NiVLkA1;@EZ7@,2
1734,VGCqMGcL,Onl+9z9%-!F;E$;z,2
1735,4ocqlAoY,{_l]bd}aBHT34m|[,2
1736,RtoK7qyq,Hev4922e?/Fl=46*,1
1737,s7YYMQjP,&$K[n6k=8Hf3C7z-,2
1738,Nz1WscFK,9Pw7*S]c8m3!RYM6,2
1739,DiakesyA,"vn,v6>;,ghDnQ:j#",1
1740,KZUMzA1m,k|1:.=uer!dbN4bA,2
1741,qoBzMI7D,?@ZY5VA9QF2b41D&,2
1742,nhZKIT8s,wY2+p_>:^:dKk-;l,2
1743,mt4Omhtw,.e|@V2ciPVn+H[$&,2
1744,EvsFFCWy,oFkJ]Y5[q57){snY,2
1745,8XiOnwka,"7Va:2^f8ON{.K,)u",2
1746,m7BRf8La,8^4PMD#^Brfasmr:,1
1747,xQTZppBJ,o74s^S{GG^up@767,2
1748,CrRKGKKm,!8|J9fpNK>6K/$n/,2
1749,E23PilZh,#npW+#qGxFbqG>c7,2
1750,f8guLJax,/6.CfS$A[d(9n!*-,1
1751,19L3WU8m,&lP<8oM0kI6s|x{_,2
1752,bI36hXgy,B2A0a%qQYhV9Qa%h,1
1753,DXzEp3YP,yOng54-J?P*.V}@N,2
1754,kEiQGNyt,9ZJI#o6>jZFhttml,1
1755,rumKmmiC,"D6,Eyl[i7$hVa*fg",1
1756,d5vgh6sW,gh[9U/Q(-.H#6eH8,2
1757,XbeiVoPA,BbFp6}GeHTx2=F(6,2
1758,fasz6gPd,hO30}jhi}=^19z>#,2
1759,L5S9KaaH,4jeyn:cCOS4i)+cN,1
1760,TV4MEyl6,N1@7+EX7^Go%u5!g,1
1761,P9vZ5qEk,zYuj$3]W4jP^uA;T,1
1762,7v12pWDu,4}{b!31lsC@QvizK,1
1763,1jEIivMT,wRl?mMjOyNms*.4&,2
1764,esemxLzW,"0bD>{voSnqV7%,q?",1
1765,IAMieDsT,AzE/FxG45/nw4;i_,2
1766,PDuS7jm0,/dKj-Zg!C7F&jCN[,2
1767,EWfHNNMF,XnidK#P8Fa-8HNU|,1
1768,sj7Vr34L,-tMK(y&#wsy6*W_4,1
1769,Mjhk6aQe,(hoh1k#q]*L3LXx/,1
1770,k1G31Dxt,Sq-@q&&V5<x5y}zC,2
1771,MfHRJH6n,Yeii}#&Amu5Jp_.O,1
1772,kNtvHvWX,>XyqT4TfH<+iiCdV,2
1773,cjAByhCx,6tB|vfaAf(d8!2oP,1
1774,Xa47bULq,gb5vP[A}b^o8ycp),1
1775,dKLrGkvF,3V}!^&yJ6foO+#3.,2
1776,2t2lRh5y,4PC}IejWv9Ya1u|c,2
1777,DXCMKGAz,OOk_]pPL2+3>9]f3,2
1778,XFH18zBH,{%W2(V{FnL3*!f9R,2
1779,JkApjTvA,Irw#7tuh/2YFI@vz,2
1780,sQIKNfgn,Jp7v97s7NX).Y6GD,1
1781,lcmvujDc,"}nULp2,veWpL(Ohf",2
1782,R8YwQyLr,"]BQ;1*dq(,yb=>VG",1
1783,I90HaxH4,Fi8bs?-95=;5r8[(,2
1784,OYmVEOWD,Hh>lWyIZBhV|$G7.,1
1785,d9IBujr3,;Hf<k3%Z;Q_Zzp4-,2
1786,cGlBPgbW,8WTU>HW#VxQA*iJe,2
1787,4at6EaSH,CN?x].OeIYcnIG7k,1
1788,0UbmMl0T,Csr41y{I=UyhE[SG,2
1789,uzAmYFMA,MI{|5^ldp.lgL:/r,1
1790,1DNzaozk,5QRz}8T5sT!hStPb,1
1791,m6qN40WG,M?_V<95tuq|9@R0*,2
1792,rSyAmek3,X<|+V8l!O@Ky0uQs,2
1793,h4mksnWh,umJ7e;$z*LkliPmn,2
1794,po1huG9a,Mu:T{ZYNG>Wc<%D7,2
1795,Z9BPxceo,]R:[A%UG+EmtI9>l,1
1796,d7Jc1gP1,A=q+xC>ehF3fc5#O,2
1797,ZRehTvOH,bZ^kSJdujQz;^157,1
1798,OXMsMCpq,?MKD)X4X;KdeS!6@,1
1799,UESnq3Hx,"0/o::|?P,0dwlth+",1
1800,vQnWp14q,?E#pzlR+Bqi1.-du,1
1801,AqSWByde,/}5O4Bswt8*Ar9^>,2
1802,CvAWr4zf,Mth;*iU(/8aenv$z,2
1803,gHxilkBJ,"EhDIp}Q]*Obq,2t7",1
1804,mx6WZ5aZ,Rrxs(P*Q!LM)_#13,1
1805,HJv2RwHg,ILz*L82Dok>+xj[e,2
1806,Vv1L9g14,?g{X39rTm>pM^)Dd,2
1807,Fetdr6t1,HR}cP*z_:9]nk2WJ,2
1808,w031wb5U,"9q9UOa!ph,q^(k?K",1
1809,UIpriQMI,?&h(J6]JIsq$Zv^N,2
1810,WR9lq0DV,&vTgP_bcQw/8)6Fi,1
1811,shjclMZy,.z%1YLt0/HE>ze>n,2
1812,dBem4y9i,k2mt8iT}IGt<hYd*,1
1813,xF7hselx,vJ=J8;lE1OaiD#Jx,1
1814,2C1NB4GF,+2F&v+XbIg?:&vQH,2
1815,q1OwY1Nm,7b:=)W3rQEvQn*2],1
1816,JkT3XGSR,@VPp)Qm2?I4g]Znn,1
1817,cWf797sM,]B@ay?9O=0=$cC3O,1
1818,49gOXbDs,+r_6SGNJ4oPL#B)-,2
1819,dCe0Onge,"4,AUi$?YqCP2;aUr",1
1820,n4ePxsZs,t1nBP3*Z3=n78CK8,1
1821,LqFb0x8n,)(G@Bx4@rHB<IRLZ,1
1822,B8SVvtxI,R1LGBc)dpk%%I}WR,2
1823,oiHPJhoK,gEJbVduV&=VV1I92,1
1824,GyyJa8a4,oDTvx#SsbNYZ54|f,1
1825,xArHlRnE,P[))g6hZH!2jBA(O,2
1826,IYLb2UDJ,9wo*;c;lZ6{B@Bk$,2
1827,ESbSKgXX,j+6p9Ogn?0#9IUv!,2
1828,CElE9qW6,;dA0&.w3YZYgklQV,2
1829,CAB92yY1,E4Q6L6(KEm+*GxOd,1
1830,E3KUPnT3,A^)KV*n3H#|Cln3r,2
1831,ORNqOijc,LYy0^fPX9i_oU:#e,2
1832,KQLlrGy9,wJ8Ug+%=!h=9hkW8,1
1833,mxFqz3gn,>-AA:M2Q!*jGv?L8,1
1834,cXvYWdNf,"OPwZE|Dl(*i0,Kda",1
1835,3dq3rf9K,@x^H6Z+JtHfodY/c,2
1836,kXBf1GlE,vMh{vmJ-)3Jhpa}u,1
1837,7d4PjMbc,9Go&<EZ^RA=F)u+U,1
1838,ZFtgxHAl,e$c@#OQbE%4RKr=r,2
1839,SNUbdgo2,>$6@eIdX8vj1IAX0,2
1840,eSx1KS6t,-0M+G8}Wn%O0LNe^,2
1841,aFDpC6T7,/33:1G4qP^Y{YXx#,1
1842,KSgvNa5n,(BQ!gPUe/%r2s5&5,1
1843,PVJxu9tR,CDfRuo4wL=(Xw;r6,2
1844,hmAw0xX6,[K5S}MQHQ{w0V(*i,2
1845,ENlD8QlK,h+5qAnq4IbqNf->$,1
1846,QdSu8phN,)3qrZPhsVy5Ycfcp,1
1847,6PQUkIUm,BXorh_Y<T46tx_T:,2
1848,WK0lEWKH,(CV3s>z(/uVBLbSH,1
1849,jcnh3YKB,+Fv7dykCe24m%M{|,2
1850,quHrY2uM,m;R]2lhQR8^=T-P|,1
1851,PhEBabLu,h6lm(+Ak6IIva%p3,2
1852,ZydQ7KBz,yWn?&BC1cc_cuiy!,2
1853,SOOdFlSO,AfQCEPoY(.rK?4W0,1
1854,42Ro8cEo,w7v6FaaS@9yUR[7<,1
1855,9kqDrvRe,gAZLF)vcL0wLmn+7,2
1856,hzKanBUw,:/yYi;Q?;u-6.TKk,2
1857,oXaDlC17,"sKeoQ,R3KO1scIQ^",2
1858,419LyGP5,hi5[_kU.b(@caJzR,1
1859,LAryjGcy,*]9miHJ6aAOa5M]F,1
1860,Gn0cL3HH,6;E1YeD7}Xiv=}J],1
1861,E7lvlZLp,qV+xq5JJ5$I/&$WP,1
1862,U7kbbrWJ,BE;DMArh{F7YztyZ,1
1863,Rsroy0nP,5)Fe3E0HTB^=6OX4,1
1864,EFmueWgU,":bJ<2V?,MLHt-9ch",2
1865,RB8X6TR6,Q1Ld_fB)29Bn*yd[,1
1866,8FvbLnpe,*bu4CV<PDP=qZJtr,1
1867,mmWyfirx,MA)h=oBR!XA]0>O7,1
1868,2gOzW4oi,FGv@.*g5?QJg*!SI,1
1869,JfOtQWFK,[3Kv=2ZMkt0e8+RH,2
1870,6xM7onjV,M$IHpQz{=5&spU9v,1
1871,qUkiv5pC,TraqZZ[p-U;81dKa,2
1872,I4plgFKp,"!S[7aHlWj7N^Jh+,",2
1873,FjPrvx3y,mjB$6:1k3T9^T4#<,1
1874,9Eq0EDTK,D6uQ8Y1sX9jb_Iw*,2
1875,3rrIqt1F,^>(#af$U)N2iF4r*,1
1876,S7T1xLaX,1;lcHJE?8^E3cj.i,1
1877,4zVqoz2Y,06VEwof}pNjX5_t),1
1878,sjScjkxa,"M.E1,8!s,Wi>=h^E",1
1879,qFhD1rGb,}Ci*79u=8PyMn@qm,1
1880,JVGbC6i7,NIzSUWE(ii-3E@Ln,1
1881,0CrxEVqm,[wK2{Hx}9Vw:To(H,1
1882,4a0pE41m,Swyg3sqiq}e[QXAJ,2
1883,16FenTlg,&Kg29xUFHLN-9(x.,2
1884,SXhEdkrj,u=@>G5NZ<X{oc:x@,2
1885,6Rm5trAG,"@qF2J,Rq8k^:69X0",1
1886,cssGvxDn,"3,@A7I,+fz<y7Ihz",1
1887,7F3lI7wd,/ANxcc/qwOY4PyLr,2
1888,pjV4MViC,jQwLqA}um]Z8v}jO,1
1889,CssxHtJJ,Tj_r63@d7j(!bHy-,1
1890,J6iMJTz1,YKaa-{5}S.D4;h8H,1
1891,2aKrO5N8,vi!>>Dz/9?u#^5ah,2
1892,GaXmQTrt,3IB@HLa#cZU7tmAo,1
1893,80zDRKfl,"t$*w?P/&3,3sA,F|",1
1894,4zO9FlmQ,O>5RzwHNi?jEM3u#,1
1895,c3eoFt37,5^v^+x9*Q/?iO0zW,1
1896,TeRRJ2VG,]bmQ#V6!R+ADU&WU,1
1897,MRxY1Zcb,[p|:B3ud|Y!?-Dy8,2
1898,pGaL47Wc,W6yU_cW>gmXNn*:O,1
1899,iFt44dC3,lF@?RUVd01FEp.(_,1
1900,je2jhsqZ,19G];|fuw-?*6bO#,2
1901,HyAZypsR,"eX4Hx,!{/.*F?mt2",1
1902,okyuylvQ,DnqYM|W&i<mf3dF6,1
1903,Q9mRcYBU,;T0]UwUyQ6^(^NU@,2
1904,5huvSigu,hL!1/o*yM?3Dl2UT,1
1905,TuNsu3Je,%-LA|G)M9=e]<uMz,1
1906,quTMIq2x,"nsig9,sR#q-o.6wQ",1
1907,qGHUylZb,jojn=AQBg4*cW5T*,1
1908,YvtqIzK5,<55q7/G]U]sWg#DA,1
1909,PEZ5aAiA,U;n{Qy)6]4GR499m,1
1910,A7cZ2Tex,s){6}^.N4rKxn]oU,2
1911,QtRhVoSS,1FS0aj#I=HL*;DRG,1
1912,CyrZ9jtN,&A=>9sLK1=Fvk4O_,1
1913,8SyhkRr8,"sd(Su:{da=,2SNNe",2
1914,3vWD7uRd,M)u%_%C2%CP_-A(0,2
1915,3Za7SflV,+2ZT8[oCG3icE6bq,1
1916,GKk4ns3y,Vlj-PI*9k!4*8mDi,2
1917,JcVHt4KD,z<+1SWcR5X}IH?iJ,2
1918,lOqJ3RiP,4tJt_H@3))<I>YRp,2
1919,RhwQwBhz,eP;hVl8WV87*](/e,2
1920,ecg9jFXY,R6Z<C<SyR:+m-f0*,2
1921,wnAxN0Ul,/ec9$gRr+xne]ms7,2
1922,l5kcsFZh,GAs1^=MuyHFZR;J{,2
1923,tSXLSsde,>7;-BEGmug5TwU]7,2
1924,R2LezJTH,"&J7/SjsaTD?[{3?,",1
1925,uq1DbjTb,*p7l+Gk8)0Hb?]1g,2
1926,MAuPIlKX,6jMj0jW^/g(cSXvN,2
1927,bHU16Bh6,1?Ff.u&8A|jgH|Si,2
1928,Tf9ve7Tn,RAf3B-h^VPr)y4e&,2
1929,NUz60DZX,h4r({b3U/khC5X{9,2
1930,ZGED388o,2GS}wXdwp[e;T5Pi,2
1931,93OwUycN,h&m[#VAJ+w+xnR65,2
1932,XhAhzQX0,9>s/$3@708pbJnMG,2
1933,w0wEV8nQ,evVU@eT0pP0vUehK,2
1934,bMtp3nK1,g5m0Smt%8+RVc:#H,1
1935,spbHnSUs,y[pD:x9SWplUR+LP,1
1936,NulocH5H,o}*Y8]M8gGkS/wJ},2
1937,8jd4dGqx,UTMR+5j-s3!xrH[m,2
1938,Bl5sSgJX,4FQ<^I$Q#=5s86t%,2
1939,ITDrfPG6,".@I3>,wVc-8dc;*V",1
1940,7DhpESay,q+e?E53{)XqPK!fB,2
1941,4RLb2mfK,^1pJ0c7?5e/C_$!.,1
1942,YjDSWxTp,6;5r8mGL:<z7}OG|,1
1943,dSb9h4WP,"^Aqlz7$rT%U,1fI]",2
1944,GHkamQ8p,H]^5o4@p%@>mzFQU,2
1945,dLoDzpgC,nK_6$y:Xgu%KE>B2,1
1946,b4EKGyNS,fp=InZ1Q)6iqP+b2,1
1947,NyP5VXIu,P_uaS{)@7+thzafk,1
1948,cYQhubHr,F=#^>v<CC2_4{$u^,1
1949,AC0BnB02,)A!qkAR1Xb4Vhcn^,1
1950,AFgg3NlT,rW8_A#eSU/K.s@bI,1
1951,VLNjVKvD,"t*I.NOXBBw<LB,0@",2
1952,9FIp92KC,y5.xN-e#;xC0V&<1,1
1953,8WcKPQ0P,ogaVw2BltJ9#C!7o,2
1954,XU1BIQUk,sSGH0rU&545?6-7[,1
1955,idjSpLUh,uesx!2ZtY1D>y|uU,1
1956,dvVfoJCm,018&:z0;FSRv1]eF,2
1957,LTBPj8n6,0JXfF>+miteW=;5r,2
1958,ZYHM9plu,">|#CJ6s=l,x(r80c",2
1959,BRD5oQzs,U.BQ[q.Txh?6az#;,2
1960,9bBK7LpN,gM2%|$hRO1Y7+N5(,1
1961,D5mBqrcH,kQ?2W>=}zjCnH5:c,1
1962,egndXndW,*4|aDa=|_w5=[wa],1
1963,8G5IDakA,;g8PReyyy-?lm5Ym,1
1964,P27ukuxp,3{a(h/9RVUHCpk8x,1
1965,RGLajhJt,"_?&,9znKI?:5E|kR",1
1966,WURpTQp8,tN6sjDN2&a{gXSEb,1
1967,OBBdtkkg,",#T1I6v5&XX3i}?E",1
1968,vEdsi4y7,Mjk=3%gypsT&tfzi,1
1969,0sObnm3v,oMK<.oaaoOV.32O/,2
1970,zKWfV8wR,(?7sxvl.#eWS<(Fk,1
1971,P5E7ldWj,N@g<#cy3C[p]:.yv,2
1972,WjXOKxbF,h#n!lv1V8N?r%c?%,1
1973,cUB65tUM,+cNE]Plw|x(9;;GM,1
1974,pfU3YDbN,"1z,Ug|cS[x;aY7i}",1
1975,wXmzthdA,1;f_ez1LxF)#CqP4,1
1976,qgVtu8XT,sEBAJ9O2q}=(cpUk,2
1977,6tJBEwdC,o[wzY##kVfo2o8;C,1
1978,tfK4MeZC,9^}#|CJQK7_P3:ca,1
1979,ANSmmDeD,I!&<nl28eB2twgF3,2
1980,gbwckyjE,Gs)#+}1StfE9LChn,1
1981,bhzuhG9L,B[KhjIUv3*LIXA<T,1
1982,cyhBzHSr,d8Ie7ALK$XhnR4sS,2
1983,ELX3GgdI,-O;3NwStAEe_NAha,2
1984,acYaGWPm,ZOpm5-P/=NE(GKhS,1
1985,NWed89o5,OKoPE&S1vquEd6?I,1
1986,I5aCaRBT,:+SsO)3flcxqCL-P,2
1987,BoxAJQ5D,3wZ6bs$f^[/!92%:,1
1988,liRJsJXz,gvYd!VEpCDO3_!Lx,1
1989,z3ExjOmb,O[%(6=[/Y:/krLB@,1
1990,bY135dT4,Ve34lt%/d!5)=ImJ,2
